,,,,,,,,,,,
Weekly demand:,200,,,,,,,,,,
,,,,Primary operations:,,,Brake - Pem,,,Press:,
Area:,Hours available:,Leadtime:,,Workcenter:,∑ Hours:,,Workcenter:,∑ Hours:,,Workcenter:,∑ Hours:
Primary ops:,378,359.65470937158466,,6N02,3.508771929824561,,BR130,12.5,,6P200,4.666666666666667
Midfield:,1134,1049.6371729891744,,6N03,45.32444149230736,,BRK80,31.25,,6P20C,17.846153846153843
Press,126,58.51162872215503,,6N04,124.3404006470831,,RG100,17.833333333333332,,6P250,16.057416267942585
,,,,6N041,21.764095395433557,,6BATC,13.882352941176471,,6P25C,13.274725274725274
Area:,Machines:,,,6N042,114.8714859437751,,6BRG,6.4,,6MACH,6.666666666666667
Primary ops:,3,,,6N043,13.333333333333334,,6BRK,284.82575119591235,,,
Midfield:,9,,,6N044,11.11111111111111,,6APEM,514.4457355187521,,Midfield:,
Press,1,,,6N045,25.40106951871658,,6DBR,159.33333333333331,,6SLK,9.166666666666668
,,,,,,,,,,,
Process Sheet Number,End Item Part Number,Quantity:,Work Center/Vendor,Step Number,Run/Setup,Description 11,Standard Rate,Lead Time,Crew Size,1W batch hours:,
ASY-03128-24;A0,ASY-03128-24;A0,1,6AARI,00110,R,ENSAMBLE SEGUN DIBUJO,0.667,0,4,1199.4002998500748,
ASY-03131-08;C0,ASY-03131-08;C0,1,6AARI,00100,R,ENSAMBLE SEGUN DIBUJO,1.25,0,1,160,
ASY-03135-03;A0,ASY-03135-03;A0,1,6N02,00110,R,PUNZONADO EN TORRETA,57,0,1,3.508771929824561,
ASY-03135-03;A0,ASY-03135-03;A0,1,6DBR,00120,R,REBABEO PARA MANEJO,100,0,1,2,
ASY-03135-03;A0,ASY-03135-03;A0,1,6BRK,00140,R,DOBLADORA AMADA,250,0,1,0.8,
ASY-03135-03;A0,ASY-03135-03;A0,1,6APEM,00160,R,INSERCION DE PEM,11,0,1,18.181818181818183,
ASY-03136-03;A0,ASY-03136-03;A0,1,6N045,00110,R,PUNZONADO EN TORRETA,55,0,1,3.6363636363636362,
ASY-03136-03;A0,ASY-03136-03;A0,1,6DBR,00120,R,REBABEO PARA MANEJO,100,0,1,2,
ASY-03136-03;A0,ASY-03136-03;A0,1,6BRK,00140,R,DOBLADORA AMADA,25,0,1,8,
ASY-03136-03;A0,ASY-03136-03;A0,1,6APEM,00160,R,INSERCION DE PEM,20,0,1,10,
ASY-03137-03;A0,ASY-03137-03;A0,1,6N04,00110,R,PUNZONADO EN TORRETA,44,0,1,4.545454545454546,
ASY-03137-03;A0,ASY-03137-03;A0,1,6DBR,00120,R,REBABEO PARA MANEJO,100,0,1,2,
ASY-03137-03;A0,ASY-03137-03;A0,1,6BRK,00140,R,DOBLADORA AMADA,25,0,1,8,
ASY-03137-03;A0,ASY-03137-03;A0,1,6APEM,00160,R,INSERCION DE PEM,200,0,1,1,
ASY-03137-03;A0,ASY-03137-03;A0,1,6APEM,00180,R,INSERCION DE PEM,62,0,1,3.225806451612903,
ASY-03137-03;A0,ASY-03137-03;A0,1,6APEM,00200,R,INSERCION DE PEM,23,0,1,8.695652173913043,
ASY-03138-03;A0,ASY-03138-03;A0,1,6N04,00110,R,PUNZONADO EN TORRETA,76,0,1,2.6315789473684212,
ASY-03138-03;A0,ASY-03138-03;A0,1,6DBR,00120,R,REBABEO PARA MANEJO,100,0,1,2,
ASY-03138-03;A0,ASY-03138-03;A0,1,6BRK,00140,R,DOBLADORA AMADA,40,0,1,5,
ASY-03138-03;A0,ASY-03138-03;A0,1,6APEM,00160,R,INSERCION DE PEM,20,0,1,10,
ASY-03139-03;A0,ASY-03139-03;A0,1,6N04,00110,R,PUNZONADO EN TORRETA,48,0,1,4.166666666666667,
ASY-03139-03;A0,ASY-03139-03;A0,1,6DBR,00120,R,REBABEO PARA MANEJO,100,0,1,2,
ASY-03139-03;A0,ASY-03139-03;A0,1,6BRK,00140,R,DOBLADORA AMADA,25,0,1,8,
ASY-03139-03;A0,ASY-03139-03;A0,1,6APEM,00160,R,INSERCION DE PEM,120,0,1,1.6666666666666667,
ASY-03139-03;A0,ASY-03139-03;A0,1,6APEM,00180,R,INSERCION DE PEM,30,0,1,6.666666666666667,
ASY-03143-06;A0,ASY-03143-06;A0,1,6N041,00110,R,PUNZONADO EN TORRETA,36,0,1,5.555555555555555,
ASY-03143-06;A0,ASY-03143-06;A0,1,6DBR,00120,R,REBABEO PARA MANEJO,100,0,1,2,
ASY-03143-06;A0,ASY-03143-06;A0,1,6BRK,00140,R,DOBLADORA AMADA,25,0,1,8,
ASY-03143-06;A0,ASY-03143-06;A0,1,6APEM,00160,R,INSERCION DE PEM,22,0,1,9.090909090909092,
ASY-03143-06;A0,ASY-03143-06;A0,1,6APEM,00180,R,INSERCION DE PEM,40,0,1,5,
ASY-03145-02;A0,ASY-03145-02;A0,1,6N042,00110,R,PUNZONADO EN TORRETA,100,0,1,2,
ASY-03145-02;A0,ASY-03145-02;A0,1,6DBR,00120,R,REBABEO PARA MANEJO,100,0,1,2,
ASY-03145-02;A0,ASY-03145-02;A0,1,6BRK,00140,R,DOBLADORA AMADA,44.25,0,1,4.519774011299435,
ASY-03145-02;A0,ASY-03145-02;A0,1,6APEM,00160,R,INSERCION DE PEM,60,0,1,3.3333333333333335,
ASY-03152-06;A0,ASY-03152-06;A0,1,6N042,00110,R,PUNZONADO EN TORRETA,24,0,1,8.333333333333334,
ASY-03152-06;A0,ASY-03152-06;A0,1,6DBR,00120,R,REBABEO PARA MANEJO,100,0,1,2,
ASY-03152-06;A0,ASY-03152-06;A0,1,6BRK,00140,R,DOBLADORA AMADA,60,0,1,3.3333333333333335,
ASY-03152-06;A0,ASY-03152-06;A0,1,6APEM,00160,R,INSERCION DE PEM,120,0,1,1.6666666666666667,
ASY-03152-06;A0,ASY-03152-06;A0,1,6APEM,00180,R,INSERCION DE PEM,60,0,1,3.3333333333333335,
ASY-03152-06;A0,ASY-03152-06;A0,1,6APEM,00200,R,INSERCION DE PEM,60,0,1,3.3333333333333335,
ASY-03153-05;A0,ASY-03153-05;A0,1,6N042,00110,R,PUNZONADO EN TORRETA,24,0,1,8.333333333333334,
ASY-03153-05;A0,ASY-03153-05;A0,1,6DBR,00120,R,REBABEO PARA MANEJO,100,0,1,2,
ASY-03153-05;A0,ASY-03153-05;A0,1,6BRK,00140,R,DOBLADORA AMADA,60,0,1,3.3333333333333335,
ASY-03153-05;A0,ASY-03153-05;A0,1,6APEM,00160,R,INSERCION DE PEM,150,0,1,1.3333333333333333,
ASY-03153-05;A0,ASY-03153-05;A0,1,6APEM,00180,R,INSERCION DE PEM,80,0,1,2.5,
ASY-03153-05;A0,ASY-03153-05;A0,1,6APEM,00200,R,INSERCION DE PEM,150,0,1,1.3333333333333333,
ASY-03153-05;A0,ASY-03153-05;A0,1,6APEM,00220,R,INSERCION DE PEM,40,0,1,5,
ASY-03156-03;A0,ASY-03156-03;A0,1,6N042,00110,R,PUNZONADO EN TORRETA,60,0,1,3.3333333333333335,
ASY-03156-03;A0,ASY-03156-03;A0,1,6DBR,00120,R,REBABEO PARA MANEJO,100,0,1,2,
ASY-03156-03;A0,ASY-03156-03;A0,1,6BRK,00140,R,DOBLADORA AMADA,20,0,1,10,
ASY-03156-03;A0,ASY-03156-03;A0,1,6APEM,00160,R,INSERCION DE PEM,20,0,1,10,
ASY-03157-02;A0,ASY-03157-02;A0,1,6N044,00110,R,PUNZONADO EN TORRETA,18,0,1,11.11111111111111,
ASY-03157-02;A0,ASY-03157-02;A0,1,6DBR,00120,R,REBABEO PARA MANEJO,100,0,1,2,
ASY-03157-02;A0,ASY-03157-02;A0,1,6BRK,00140,R,DOBLADORA AMADA,12,0,1,16.666666666666668,
ASY-03157-02;A0,ASY-03157-02;A0,1,6APEM,00160,R,INSERCION DE PEM,20,0,1,10,
ASY-03158-05;A0,ASY-03158-05;A0,1,6N04,00110,R,PUNZONADO EN TORRETA,26,0,1,7.6923076923076925,
ASY-03158-05;A0,ASY-03158-05;A0,1,6DBR,00120,R,REBABEO PARA MANEJO,60,0,1,3.3333333333333335,
ASY-03158-05;A0,ASY-03158-05;A0,1,6BRK,00140,R,DOBLADORA AMADA,15.15,0,1,13.201320132013201,
ASY-03158-05;A0,ASY-03158-05;A0,1,6APEM,00160,R,INSERCION DE PEM,5.62,0,1,35.587188612099645,
ASY-03183-03;A0,ASY-03183-03;A0,1,6N03,00110,R,CORTE LASER AMADA,114,0,1,1.7543859649122806,
ASY-03183-03;A0,ASY-03183-03;A0,1,6DBR,00120,R,REBABEO DE FILOS,120,0,1,1.6666666666666667,
ASY-03183-03;A0,ASY-03183-03;A0,1,6BRG,00140,R,ESTAMPADO NO PARTE,250,0,1,0.8,
ASY-03183-03;A0,ASY-03183-03;A0,1,6BRK,00160,R,DOBLADORA AMADA,105,0,1,1.9047619047619047,
ASY-03183-03;A0,ASY-03183-03;A0,1,6APEM,00180,R,INSERCION DE PEM,40,0,1,5,
ASY-03184-05;A0,ASY-03184-05;A0,1,6N04,00110,R,PUNZONADO EN TORRETA,24,0,1,8.333333333333334,
ASY-03184-05;A0,ASY-03184-05;A0,1,6DBR,00120,R,REBABEO PARA MANEJO,60,0,1,3.3333333333333335,
ASY-03184-05;A0,ASY-03184-05;A0,1,6BRK,00140,R,DOBLADORA AMADA,40,0,1,5,
ASY-03184-05;A0,ASY-03184-05;A0,1,6BRK,00160,R,DOBLADORA AMADA,35,0,1,5.714285714285714,
ASY-03184-05;A0,ASY-03184-05;A0,1,6APEM,00180,R,INSERCION DE PEM,13,0,1,15.384615384615385,
ASY-03185-02;A0,ASY-03185-02;A0,3,6N03,00110,R,CORTE LASER AMADA,42.3,0,1,14.184397163120568,
ASY-03185-02;A0,ASY-03185-02;A0,3,6BRG,00130,R,ESTAMPADO DE NUMERO DE,250,0,1,2.4,
ASY-03185-02;A0,ASY-03185-02;A0,3,6BRK,00150,R,DOBLADORA AMADA,40,0,1,15,
ASY-03185-02;A0,ASY-03185-02;A0,3,6APEM,00170,R,INSERCION DE PEM,15,0,1,40,
ASY-03187-07;A0,ASY-03187-07;A0,1,6N04,00110,R,PUNZONADO EN TORRETA,15,0,1,13.333333333333334,
ASY-03187-07;A0,ASY-03187-07;A0,1,6DBR,00120,R,REBABEO PARA MANEJO,100,0,1,2,
ASY-03187-07;A0,ASY-03187-07;A0,1,6BRK,00140,R,DOBLADORA AMADA,60,0,1,3.3333333333333335,
ASY-03187-07;A0,ASY-03187-07;A0,1,6APEM,00160,R,INSERCION DE PEM,120,0,1,1.6666666666666667,
ASY-03187-07;A0,ASY-03187-07;A0,1,6APEM,00180,R,INSERCION DE PEM,12,0,1,16.666666666666668,
ASY-03187-07;A0,ASY-03187-07;A0,1,6APEM,00200,R,INSERCION DE PEM,50,0,1,4,
ASY-03187-07;A0,ASY-03187-07;A0,1,6ASB,00210,R,ENSAMBLE SEGUN DIBUJO,150,0,1,1.3333333333333333,
ASY-03188-06;A0,ASY-03188-06;A0,1,6N042,00110,R,PUNZONADO EN TORRETA,12,0,1,16.666666666666668,
ASY-03188-06;A0,ASY-03188-06;A0,1,6DBR,00120,R,REBABEO PARA MANEJO,60,0,1,3.3333333333333335,
ASY-03188-06;A0,ASY-03188-06;A0,1,6BRK,00140,R,DOBLADORA AMADA,20,0,1,10,
ASY-03188-06;A0,ASY-03188-06;A0,1,6BRK,00160,R,DOBLADORA AMADA,20,0,1,10,
ASY-03188-06;A0,ASY-03188-06;A0,1,6APEM,00180,R,INSERCION DE PEM,13,0,1,15.384615384615385,
ASY-03188-06;A0,ASY-03188-06;A0,1,6APEM,00200,R,INSERCION DE PEM,30,0,1,6.666666666666667,
ASY-03189-05;A0,ASY-03189-05;A0,1,6N04,00110,R,PUNZONADO EN TORRETA,55,0,1,3.6363636363636362,
ASY-03189-05;A0,ASY-03189-05;A0,1,6DBR,00120,R,REBABEO PARA MANEJO,100,0,1,2,
ASY-03189-05;A0,ASY-03189-05;A0,1,6BRK,00140,R,DOBLADORA AMADA,25,0,1,8,
ASY-03189-05;A0,ASY-03189-05;A0,1,6APEM,00160,R,INSERCION DE PEM,30,0,1,6.666666666666667,
ASY-03278-05;A0,ASY-03278-05;A0,4,6AARI,00110,R,ENSAMBLE SEGUN DIBUJO,8,0,1,100,
ASY-03327-02;A0,ASY-03327-02;A0,2,6N03,00110,R,CORTE LASER AMADA,180,0,1,2.2222222222222223,
ASY-03327-02;A0,ASY-03327-02;A0,2,6BRG,00130,R,ESTAMPADO NO PARTE,250,0,1,1.6,
ASY-03327-02;A0,ASY-03327-02;A0,2,6BRK,00150,R,DOBLADORA AMADA,48,0,1,8.333333333333334,
ASY-03327-02;A0,ASY-03327-02;A0,2,6APEM,00170,R,INSERCION DE PEM,60,0,1,6.666666666666667,
ASY-03327-02;A0,ASY-03327-02;A0,2,6APEM,00190,R,INSERCION DE PEM,60,0,1,6.666666666666667,
ASY-03327-02;A0,ASY-03327-02;A0,2,6ASB,00210,R,ENSAMBLE SEGUN DIBUJO,50,0,1,8,
ASY-03330-03;A0,ASY-03330-03;A0,2,6AARI,00110,R,ENSAMBLE SEGUN DIBUJO,25,0,1,16,
ASY-03333-04;A0,ASY-03333-04;A0,1,6N04,00110,R,PUNZONADO EN TORRETA,300,0,1,0.6666666666666666,
ASY-03333-04;A0,ASY-03333-04;A0,1,6DBR,00120,R,REBABEO PARA MANEJO,100,0,1,2,
ASY-03333-04;A0,ASY-03333-04;A0,1,6BRK,00140,R,DOBLADORA AMADA,300,0,1,0.6666666666666666,
ASY-03333-04;A0,ASY-03333-04;A0,1,6APEM,00160,R,INSERCION DE PEM,60,0,1,3.3333333333333335,
ASY-03668-01;A0,ASY-03668-01;A0,1,6N04,00110,R,PUNZONADO EN TORRETA,200,0,1,1,
ASY-03668-01;A0,ASY-03668-01;A0,1,6DBR,00120,R,REBABEO PARA MANEJO,100,0,1,2,
ASY-03668-01;A0,ASY-03668-01;A0,1,6BRK,00140,R,DOBLADORA AMADA,145,0,1,1.3793103448275863,
ASY-03668-01;A0,ASY-03668-01;A0,1,6APEM,00160,R,INSERCION DE PEM,40,0,1,5,
ASY-03727-27;A0,ASY-03727-27;A0,1,6AARI,00100,R,ENSAMBLE SEGUN,0.667,0,2,599.7001499250374,
ASY-03727-27;A0,ASY-03727-27;A0,1,6AARI,00110,R,PRUEBA EN EL CUARTO ,0.667,0,2,599.7001499250374,
ASY-04138-02;A0,ASY-04138-02;A0,2,6ASAN,00100,R,ENSAMBLE SEGUN DIBUJO,120,0,1,3.3333333333333335,
ASY-04181-02;A0,ASY-04181-02;A0,1,6N04,00110,R,PUNZONADO EN TORRETA,80,0,1,2.5,
ASY-04181-02;A0,ASY-04181-02;A0,1,6P200,00130,R,RUN PIERCE/BLANK DIE,300,0,1,0.6666666666666666,
ASY-04181-02;A0,ASY-04181-02;A0,1,6BRK,00150,R,DOBLADORA AMADA,45,0,1,4.444444444444445,
ASY-04181-02;A0,ASY-04181-02;A0,1,6APEM,00170,R,INSERCION DE PEM,67,0,1,2.985074626865672,
ASY-04183-01;A0,ASY-04183-01;A0,1,6N03,00110,R,CORTE LASER AMADA,34,0,1,5.882352941176471,
ASY-04183-01;A0,ASY-04183-01;A0,1,6APEM,00130,R,INSERCION DE PEM,30,0,1,6.666666666666667,
ASY-04183-01;A0,ASY-04183-01;A0,1,6BRG,00150,R,ESTAMPADO DE NUMERO DE,250,0,1,0.8,
ASY-04183-01;A0,ASY-04183-01;A0,1,6BRK,00170,R,DOBLADORA AMADA,80,0,1,2.5,
ASY-04183-01;A0,ASY-04183-01;A0,1,6APEM,00190,R,INSERCION DE PEM,15,0,1,13.333333333333334,
ASY-04184-02;A0,ASY-04184-02;A0,2,6N04,00110,R,PUNZONADO EN TORRETA,127,0,1,3.1496062992125986,
ASY-04184-02;A0,ASY-04184-02;A0,2,6BRK,00150,R,DOBLADORA AMADA,35,0,1,11.428571428571429,
ASY-04184-02;A0,ASY-04184-02;A0,2,6APEM,00170,R,INSERCION DE PEM,18,0,1,22.22222222222222,
ASY-04192-06;B0,ASY-04192-06;B0,1,6AARI,00100,R,ENSAMBLE SEGUN DIBUJO,2,0,2,200,
ASY-04756-04;A0,ASY-04756-04;A0,1,6N042,00110,R,PUNZONADO EN TORRETA,16,0,1,12.5,
ASY-04756-04;A0,ASY-04756-04;A0,1,6DBR,00120,R,REBABEO PARA MANEJO,30,0,1,6.666666666666667,
ASY-04756-04;A0,ASY-04756-04;A0,1,6BRK,00140,R,DOBLADORA AMADA,44,0,1,4.545454545454546,
ASY-04756-04;A0,ASY-04756-04;A0,1,6APEM,00160,R,INSERCION DE PEM,55,0,1,3.6363636363636362,
ASY-04756-04;A0,ASY-04756-04;A0,1,6APEM,00180,R,INSERCION DE PEM,15,0,1,13.333333333333334,
ASY-04756-04;A0,ASY-04756-04;A0,1,6SLK,00190,R,SERIGRAFIA DE ACUERDO,60,0,1,3.3333333333333335,
ASY-04757-04;A0,ASY-04757-04;A0,1,6N042,00110,R,PUNZONADO EN TORRETA,16,0,1,12.5,
ASY-04757-04;A0,ASY-04757-04;A0,1,6DBR,00120,R,REBABEO PARA MANEJO,30,0,1,6.666666666666667,
ASY-04757-04;A0,ASY-04757-04;A0,1,6BRK,00140,R,DOBLADORA AMADA,44,0,1,4.545454545454546,
ASY-04757-04;A0,ASY-04757-04;A0,1,6APEM,00160,R,INSERCION DE PEM,55,0,1,3.6363636363636362,
ASY-04757-04;A0,ASY-04757-04;A0,1,6APEM,00180,R,INSERCION DE PEM,15,0,1,13.333333333333334,
ASY-04757-04;A0,ASY-04757-04;A0,1,6SLK,00190,R,SERIGRAFIA DE ACUERDO,60,0,1,3.3333333333333335,
ASY-04776-01;B0,ASY-04776-01;B0,1,6SLK,00100,R,SERIGRAFIA DE ACUERDO,80,0,1,2.5,
ASY-04780-05;B0,ASY-04780-05;B0,1,6APEM,00110,R,INSTALACION DE REMACHE,1.78,0,1,112.35955056179775,
ASY-04780-05;B0,ASY-04780-05;B0,1,6AARI,00120,R,ENSAMBLE SEGUN DIBUJO,37.5,0,1,5.333333333333333,
ASY-05257-01;A0,ASY-05257-01;A0,1,6N043,00110,R,PUNZONADO EN TORRETA,30,0,1,6.666666666666667,
ASY-05257-01;A0,ASY-05257-01;A0,1,6DBR,00120,R,REBABEO PARA MANEJO,100,0,1,2,
ASY-05257-01;A0,ASY-05257-01;A0,1,6BRK,00140,R,DOBLADORA AMADA,40,0,1,5,
ASY-05257-01;A0,ASY-05257-01;A0,1,6APEM,00160,R,INSERCION DE PEM,45,0,1,4.444444444444445,
ASY-05258-01;A0,ASY-05258-01;A0,1,6N043,00110,R,PUNZONADO EN TORRETA,30,0,1,6.666666666666667,
ASY-05258-01;A0,ASY-05258-01;A0,1,6DBR,00120,R,REBABEO PARA MANEJO,100,0,1,2,
ASY-05258-01;A0,ASY-05258-01;A0,1,6BRK,00140,R,DOBLADORA AMADA,40,0,1,5,
ASY-05258-01;A0,ASY-05258-01;A0,1,6APEM,00160,R,INSERCION DE PEM,45,0,1,4.444444444444445,
ASY-05271-01;A0,ASY-05271-01;A0,1,6AARI,00110,R,ENSAMBLE SEGUN DIBUJO,18,0,1,11.11111111111111,
ASY-05272-01;A0,ASY-05272-01;A0,1,6N041,00110,R,PUNZONADO EN TORRETA,40,0,1,5,
ASY-05272-01;A0,ASY-05272-01;A0,1,6DBR,00120,R,REBABEO PARA MANEJO,100,0,1,2,
ASY-05272-01;A0,ASY-05272-01;A0,1,6APEM,00160,R,INSERCION DE PEM,30,0,1,6.666666666666667,
ASY-05272-01;A0,ASY-05272-01;A0,1,6BRK,00180,R,DOBLADORA AMADA,105,0,1,1.9047619047619047,
ASY-05275-01;A0,ASY-05275-01;A0,6,6AARI,00110,R,ENSAMBLE SEGUN DIBUJO,10,0,1,120,
ASY-05277-02;A0,ASY-05277-02;A0,1,6N042,00110,R,PUNZONADO EN TORRETA,8,0,1,25,
ASY-05277-02;A0,ASY-05277-02;A0,1,6DBR,00120,R,REBABEO PARA MANEJO,60,0,1,3.3333333333333335,
ASY-05277-02;A0,ASY-05277-02;A0,1,6BRK,00160,R,DOBLADORA AMADA,32,0,1,6.25,
ASY-05277-02;A0,ASY-05277-02;A0,1,6APEM,00180,R,INSERCION DE PEM,60,0,1,3.3333333333333335,
ASY-05277-02;A0,ASY-05277-02;A0,1,6APEM,00200,R,INSERCION DE PEM,20,0,1,10,
ASY-05299-02;A0,ASY-05299-02;A0,1,6N042,00110,R,PUNZONADO EN TORRETA,8,0,1,25,
ASY-05299-02;A0,ASY-05299-02;A0,1,6DBR,00120,R,REBABEO PARA MANEJO,60,0,1,3.3333333333333335,
ASY-05299-02;A0,ASY-05299-02;A0,1,6BRK,00140,R,DOBLADORA AMADA,32,0,1,6.25,
ASY-05299-02;A0,ASY-05299-02;A0,1,6APEM,00160,R,INSERCION DE PEM,20,0,1,10,
ASY-08774-01;A0,ASY-08774-01;A0,2,6AARI,00110,R,ENSAMBLE,6,0,1,66.66666666666667,
ASY-53727-127;A0,ASY-53727-127;A0,1,6AARI,00100,R,ENSAMBLE SEGUN DIBUJO,2,0,2,200,
MECH-01827-01;B0,MECH-01827-01;B0,2,6N03,00110,R,CORTE LASER AMADA,350,0,1,1.1428571428571428,
MECH-01827-01;B0,MECH-01827-01;B0,2,6DBR,00120,R,REBABEO PARA MANEJO,60,0,1,6.666666666666667,
MECH-01827-01;B0,MECH-01827-01;B0,2,RG100,00140,R,DOBLADORA AMADA,32,0,1,12.5,
MECH-01827-01;B0,MECH-01827-01;B0,2,232625,00150, ,MECH-01827-01 REV B0,0,5,1,,
MTL-02212-01;A0,MTL-02212-01;A0,2,6N03,00110,R,CORTE LASER AMADA,456,0,1,0.8771929824561403,
MTL-02213-05;A0,MTL-02213-05;A0,1,6N045,00110,R,PUNZONADO EN TORRETA,17,0,1,11.764705882352942,
MTL-02213-05;A0,MTL-02213-05;A0,1,6DBR,00120,R,REBABEO PARA MANEJO,100,0,1,2,
MTL-02213-05;A0,MTL-02213-05;A0,1,6BATC,00140,R,DOBLADORA AMADA,25,0,1,8,
MTL-02214-01;A1,MTL-02214-01;A1,1,6N03,00110,R,CORTE LASER AMADA,54,0,1,3.7037037037037037,
MTL-02214-01;A1,MTL-02214-01;A1,1,6MACH,00130,R,MAQUINADO,60,0,1,3.3333333333333335,
MTL-02214-01;A1,MTL-02214-01;A1,1,6BRK,00160,R,DOBLADORA AMADA,35,0,1,5.714285714285714,
MTL-02214-01;A1,MTL-02214-01;A1,1,6BRK,00180,R,DOBLADORA AMADA,300,0,1,0.6666666666666666,
MTL-02214-01;A1,MTL-02214-01;A1,1,232625,00190, ,MTL-02214-01 REV A1,0,5,1,,
MTL-02215-02;A1,MTL-02215-02;A1,1,6N03,00110,R,CORTE LASER AMADA,54,0,1,3.7037037037037037,
MTL-02215-02;A1,MTL-02215-02;A1,1,6BRK,00140,R,DOBLADORA AMADA,35,0,1,5.714285714285714,
MTL-02215-02;A1,MTL-02215-02;A1,1,6BRK,00160,R,DOBLADORA AMADA,300,0,1,0.6666666666666666,
MTL-02215-02;A1,MTL-02215-02;A1,1,232625,00170, ,MTL-02215-02 REV A1,0,5,1,,
MTL-02216-03;A0,MTL-02216-03;A0,1,6N03,00110,R,CORTE LASER AMADA,52,0,1,3.8461538461538463,
MTL-02216-03;A0,MTL-02216-03;A0,1,6BRG,00140,R,ESTAMPADO DE NUMERO DE,250,0,1,0.8,
MTL-02216-03;A0,MTL-02216-03;A0,1,6BRK,00160,R,DOBLADORA AMADA,156,0,1,1.2820512820512822,
MTL-02217-01;A0,MTL-02217-01;A0,1,6N04,00110,R,PUNZONADO EN TORRETA,196,0,1,1.0204081632653061,
MTL-02217-01;A0,MTL-02217-01;A0,1,6DBR,00120,R,REBABEO PARA MANEJO,100,0,1,2,
MTL-02217-01;A0,MTL-02217-01;A0,1,6BRK,00140,R,DOBLADORA AMADA,79,0,1,2.5316455696202533,
MTL-02218-01;B0,MTL-02218-01;B0,1,6N04,00110,R,PUNZONADO EN TORRETA,175,0,1,1.1428571428571428,
MTL-02218-01;B0,MTL-02218-01;B0,1,6DBR,00120,R,REBABEO PARA MANEJO,100,0,1,2,
MTL-02218-01;B0,MTL-02218-01;B0,1,465250,00130, ,MTL-02218-01 REV B0,0,7,1,,
MTL-02218-01;B0,MTL-02218-01;B0,1,745150,00140, ,MTL-02218-01 REV B0,0,5,0,,
MTL-02220-03;A0,MTL-02220-03;A0,1,6N041,00110,R,PUNZONADO EN TORRETA,30.5,0,1,6.557377049180328,
MTL-02220-03;A0,MTL-02220-03;A0,1,6DBR,00120,R,REBABEO PARA MANEJO,100,0,1,2,
MTL-02220-03;A0,MTL-02220-03;A0,1,6BRK,00140,R,DOBLADORA AMADA,19,0,1,10.526315789473685,
MTL-02226-02;A0,MTL-02226-02;A0,1,6P25C,00110,R,TROQUELADO,325,0,1,0.6153846153846154,
MTL-02226-02;A0,MTL-02226-02;A0,1,6P250,00130,R,TROQUELADO,275,0,1,0.7272727272727273,
MTL-02236-04;A0,MTL-02236-04;A0,1,6N041,00110,R,PUNZONADO EN TORRETA,43,0,1,4.651162790697675,
MTL-02236-04;A0,MTL-02236-04;A0,1,6DBR,00120,R,REBABEO PARA MANEJO,100,0,1,2,
MTL-02236-04;A0,MTL-02236-04;A0,1,6BRK,00140,R,DOBLADORA AMADA,79,0,1,2.5316455696202533,
MTL-02237-04;A0,MTL-02237-04;A0,1,6N04,00110,R,PUNZONADO EN TORRETA,53,0,1,3.7735849056603774,
MTL-02237-04;A0,MTL-02237-04;A0,1,6DBR,00120,R,REBABEO PARA MANEJO,100,0,1,2,
MTL-02237-04;A0,MTL-02237-04;A0,1,6BATC,00140,R,DOBLADORA AMADA,34,0,1,5.882352941176471,
MTL-02239-01;A0,MTL-02239-01;A0,1,6N042,00110,R,PUNZONADO EN TORRETA,166,0,1,1.2048192771084338,
MTL-02239-01;A0,MTL-02239-01;A0,1,6DBR,00120,R,REBABEO PARA MANEJO,100,0,1,2,
MTL-02239-01;A0,MTL-02239-01;A0,1,6BRK,00140,R,DOBLADORA AMADA,105,0,1,1.9047619047619047,
MTL-02247-05;A0,MTL-02247-05;A0,1,6N045,00110,R,PUNZONADO EN TORRETA,20,0,1,10,
MTL-02247-05;A0,MTL-02247-05;A0,1,6DBR,00120,R,REBABEO PARA MANEJO,100,0,1,2,
MTL-02247-05;A0,MTL-02247-05;A0,1,6BRK,00140,R,DOBLADORA AMADA,25,0,1,8,
MTL-02254-02;A1,MTL-02254-02;A1,2,6N04,00110,R,PUNZONADO EN TORRETA,101,0,1,3.9603960396039604,
MTL-02254-02;A1,MTL-02254-02;A1,2,6DBR,00120,R,REBABEO PARA MANEJO,100,0,1,4,
MTL-02254-02;A1,MTL-02254-02;A1,2,BRK80,00140,R,DOBLADORA AMADA,64,0,1,6.25,
MTL-02258-06;A0,MTL-02258-06;A0,10,6N04,00110,R,PUNZONADO EN TORRETA,68,0,1,29.41176470588235,
MTL-02258-06;A0,MTL-02258-06;A0,10,6DBR,00120,R,REBABEO PARA MANEJO,100,0,1,20,
MTL-02258-06;A0,MTL-02258-06;A0,10,6BRK,00140,R,DOBLADORA AMADA,131,0,1,15.267175572519085,
MTL-02321-01;A0,MTL-02321-01;A0,1,6N03,00110,R,CORTE LASER AMADA,86,0,1,2.3255813953488373,
MTL-02321-01;A0,MTL-02321-01;A0,1,6BRK,00140,R,DOBLADORA AMADA,156,0,1,1.2820512820512822,
MTL-02322-03;B0,MTL-02322-03;B0,1,6N04,00110,R,PUNZONADO EN TORRETA,208,0,1,0.9615384615384616,
MTL-02322-03;B0,MTL-02322-03;B0,1,6DBR,00120,R,REBABEO PARA MANEJO,100,0,1,2,
MTL-02322-03;B0,MTL-02322-03;B0,1,465250,00130, ,MTL-02322-03 REV B0,0,7,1,,
MTL-02322-03;B0,MTL-02322-03;B0,1,745150,00140, ,MTL-02322-03 REV B0,0,5,0,,
MTL-02324-02;A0,MTL-02324-02;A0,1,6N04,00110,R,PUNZONADO EN TORRETA,220,0,1,0.9090909090909091,
MTL-02324-02;A0,MTL-02324-02;A0,1,6DBR,00120,R,REBABEO PARA MANEJO,100,0,1,2,
MTL-02324-02;A0,MTL-02324-02;A0,1,6BRK,00140,R,DOBLADORA AMADA,250,0,1,0.8,
MTL-02325-02;A0,MTL-02325-02;A0,1,6P25C,00110,R,TROQUELADO,325,0,1,0.6153846153846154,
MTL-02325-02;A0,MTL-02325-02;A0,1,232625,00200, ,MTL-02325-02 A0,0,5,0,,
MTL-02352-04;A0,MTL-02352-04;A0,1,6N04,00110,R,PUNZONADO EN TORRETA,78,0,1,2.5641025641025643,
MTL-02352-04;A0,MTL-02352-04;A0,1,6DBR,00120,R,REBABEO PARA MANEJO,100,0,1,2,
MTL-02352-04;A0,MTL-02352-04;A0,1,6BRK,00140,R,DOBLADORA AMADA,40,0,1,5,
MTL-02356-04;B0,MTL-02356-04;B0,4,6P25C,00110,R,TROQUELADO,325,0,1,2.4615384615384617,
MTL-02356-04;B0,MTL-02356-04;B0,4,6P250,00130,R,TROQUELADO,95,0,1,8.421052631578947,
MTL-02356-04;B0,MTL-02356-04;B0,4,232625,00200, ,MTL-02356-04 B0,0,5,1,,
MTL-02357-02;A0,MTL-02357-02;A0,8,6P20C,00110,R,TROQUELADO,325,0,1,4.923076923076923,
MTL-02358-03;A3,MTL-02358-03;A3,8,6P20C,00110,R,TROQUELADO,325,0,1,4.923076923076923,
MTL-02358-03;A3,MTL-02358-03;A3,8,232625,00200, ,MTL-02358-03 A3,0,5,1,,
MTL-02360-06;A0,MTL-02360-06;A0,4,6P20C,00110,R,TROQUELADO,325,0,1,2.4615384615384617,
MTL-02362-04;B0,MTL-02362-04;B0,4,6N04,00110,R,PUNZONADO EN TORRETA,128,0,1,6.25,
MTL-02362-04;B0,MTL-02362-04;B0,4,6DBR,00120,R,REBABEO PARA MANEJO,100,0,1,8,
MTL-02362-04;B0,MTL-02362-04;B0,4,BRK80,00140,R,DOBLADORA AMADA,32,0,1,25,
MTL-02362-04;B0,MTL-02362-04;B0,4,232625,00150, ,MTL-02362-04 REV B0,0,7,1,,
MTL-02363-03;A0,MTL-02363-03;A0,4,6N04,00110,R,PUNZONADO EN TORRETA,230,0,1,3.4782608695652173,
MTL-02363-03;A0,MTL-02363-03;A0,4,6DBR,00120,R,REBABEO PARA MANEJO,100,0,1,8,
MTL-02363-03;A0,MTL-02363-03;A0,4,RG100,00140,R,DOBLADORA AMADA,150,0,1,5.333333333333333,
MTL-02368-02;A0,MTL-02368-02;A0,1,6N03,00110,R,CORTE LASER AMADA,295,0,1,0.6779661016949152,
MTL-02368-02;A0,MTL-02368-02;A0,1,6MACH,00130,R,MAQUINADO,60,0,1,3.3333333333333335,
MTL-02368-02;A0,MTL-02368-02;A0,1,6BRK,00160,R,DOBLADORA AMADA,400,0,1,0.5,
MTL-02368-02;A0,MTL-02368-02;A0,1,232625,00170, ,MTL-02368-02 REV A0,0,5,1,,
MTL-02434-01;A0,MTL-02434-01;A0,1,6P20C,00110,R,TROQUELADO,325,0,1,0.6153846153846154,
MTL-02434-01;A0,MTL-02434-01;A0,1,6BRK,00140,R,DOBLADORA AMADA,156,0,1,1.2820512820512822,
MTL-02738-01;A0,MTL-02738-01;A0,1,6N04,00110,R,PUNZONADO EN TORRETA,156,0,1,1.2820512820512822,
MTL-02738-01;A0,MTL-02738-01;A0,1,6DBR,00120,R,REBABEO PARA MANEJO,100,0,1,2,
MTL-02738-01;A0,MTL-02738-01;A0,1,6BRK,00140,R,DOBLADORA AMADA,250,0,1,0.8,
MTL-02844-02;A0,MTL-02844-02;A0,2,6P20C,00110,R,TROQUELADO,325,0,1,1.2307692307692308,
MTL-02844-02;A0,MTL-02844-02;A0,2,6P200,00130,R,TROQUELADO,100,0,1,4,
MTL-02844-02;A0,MTL-02844-02;A0,2,232625,00200, ,MTL-02844-02 REV A0,0,5,1,,
MTL-03292-01;A0,MTL-03292-01;A0,2,6N03,00110,R,CORTE LASER AMADA,225,0,1,1.7777777777777777,
MTL-03292-01;A0,MTL-03292-01;A0,2,6DBR,00120,R,REBABEO PARA MANEJO,100,0,1,4,
MTL-03292-01;A0,MTL-03292-01;A0,2,465250,00130, ,MTL-03292-01;A0,0,0,0,,
MTL-03292-01;A0,MTL-03292-01;A0,2,6BRK,00160,R,DOBLADORA AMADA,200,0,1,2,
MTL-03292-01;A0,MTL-03292-01;A0,2,232625,00170, ,MTL-03292-01 REV A0,0,5,0,,
MTL-03527-04;A0,MTL-03527-04;A0,4,6P20C,00110,R,TROQUELADO,325,0,1,2.4615384615384617,
MTL-03527-04;A0,MTL-03527-04;A0,4,6DBR,00120,R,REBABEO PARA MANEJO,120,0,1,6.666666666666667,
MTL-03527-04;A0,MTL-03527-04;A0,4,6INS,00121,R,INSPECCION ANTES DE,0,0,1,,
MTL-03527-04;A0,MTL-03527-04;A0,4,232625,00200, ,MTL-03527-04 REV A0,0,5,0,,
MTL-03528-05;A0,MTL-03528-05;A0,2,6P25C,00110,R,TROQUELADO,325,0,1,1.2307692307692308,
MTL-03528-05;A0,MTL-03528-05;A0,2,6DBR,00120,R,REBABEO DE FILOS,120,0,1,3.3333333333333335,
MTL-03528-05;A0,MTL-03528-05;A0,2,6P250,00140,R,TROQUELADO,275,0,1,1.4545454545454546,
MTL-03528-05;A0,MTL-03528-05;A0,2,6INS,00141,R,INSPECCION ANTES DE,0,0,1,,
MTL-03528-05;A0,MTL-03528-05;A0,2,232625,00150, ,MTL-03528-05 REV A0,0,5,0,,
MTL-03529-05;B0,MTL-03529-05;B0,2,6P20C,00110,R,TROQUELADO,325,0,1,1.2307692307692308,
MTL-03529-05;B0,MTL-03529-05;B0,2,232625,00200, ,MTL-03529-05 REV B0,0,5,1,,
MTL-03552-04;A0,MTL-03552-04;A0,2,6P25C,00110,R,TROQUELADO,325,0,1,1.2307692307692308,
MTL-03552-04;A0,MTL-03552-04;A0,2,6P250,00130,R,TROQUELADO,275,0,1,1.4545454545454546,
MTL-03552-04;A0,MTL-03552-04;A0,2,232625,00200, ,MTL-03552-04 REV A0,0,5,1,,
MTL-03664-05;B0,MTL-03664-05;B0,1,6N04,00110,R,PUNZONADO EN TORRETA,15,0,1,13.333333333333334,
MTL-03664-05;B0,MTL-03664-05;B0,1,6DBR,00120,R,REBABEO PARA MANEJO,60,0,1,3.3333333333333335,
MTL-03664-05;B0,MTL-03664-05;B0,1,BR130,00140,R,DOBLADORA AMADA,16,0,1,12.5,
MTL-03664-05;B0,MTL-03664-05;B0,1,6INS,00141,R,INSPECCION ANTES DE,0,0,1,,
MTL-03664-05;B0,MTL-03664-05;B0,1,232625,00200, ,MTL-03664-05 REV B0,0,5,1,,
MTL-03697-01;A0,MTL-03697-01;A0,1,6N03,00110,R,CORTE LASER AMADA,70,0,1,2.857142857142857,
MTL-03697-01;A0,MTL-03697-01;A0,1,6BRK,00130,R,DOBLADORA AMADA,150,0,1,1.3333333333333333,
MTL-03975-01;A1,MTL-03975-01;A1,1,6N04,00110,R,PUNZONADO EN TORRETA,43.5,0,1,4.597701149425287,
MTL-03975-01;A1,MTL-03975-01;A1,1,6DBR,00120,R,REBABEO PARA MANEJO,100,0,1,2,
MTL-03975-01;A1,MTL-03975-01;A1,1,6BRK,00140,R,DOBLADORA AMADA,79,0,1,2.5316455696202533,
MTL-03976-01;B0,MTL-03976-01;B0,6,6P25C,00110,R,TROQUELADO,350,0,1,3.4285714285714284,
MTL-03976-01;B0,MTL-03976-01;B0,6,6P250,00130,R,TROQUELADO,300,0,1,4,
MTL-03977-01;A0,MTL-03977-01;A0,6,6P25C,00110,R,TROQUELADO,325,0,1,3.6923076923076925,
MTL-05286-01;A0,MTL-05286-01;A0,1,6N03,00110,R,CORTE LASER AMADA,542,0,1,0.36900369003690037,
MTL-05286-01;A0,MTL-05286-01;A0,1,6DBR,00120,R,REBABEO PARA MANEJO,120,0,1,1.6666666666666667,
MTL-05286-01;A0,MTL-05286-01;A0,1,6BRK,00140,R,DOBLADORA AMADA,250,0,1,0.8,
MTL-05286-01;A0,MTL-05286-01;A0,1,6BRK,00160,R,DOBLADORA AMADA,55,0,1,3.6363636363636362,
,,,,,,,,,,,
7,205,1435,,,,,,,,,
16,120,1920,,,,,,,,,
14,120,1680,,,,,,,,,
340,19.5,6630,,,,,,,,,
